Month,Date,Home,Billing
1,1,https://d2hyio9ps90xn9.cloudfront.net/snapix/2022/1a.webp,https://d2hyio9ps90xn9.cloudfront.net/snapix/2022/1b.webp
1,11,https://d2hyio9ps90xn9.cloudfront.net/snapix/2022/2a.webp,https://d2hyio9ps90xn9.cloudfront.net/snapix/2022/2b.webp
2,2,https://d2hyio9ps90xn9.cloudfront.net/snapix/2022/3a.webp,https://d2hyio9ps90xn9.cloudfront.net/snapix/2022/3b.webp
2,13-14,https://d2hyio9ps90xn9.cloudfront.net/snapix/2022/4a.webp,https://d2hyio9ps90xn9.cloudfront.net/snapix/2022/4b.webp
3,6-8,https://d2hyio9ps90xn9.cloudfront.net/snapix/2022/5a.webp,https://d2hyio9ps90xn9.cloudfront.net/snapix/2022/5b.webp
3,23,https://d2hyio9ps90xn9.cloudfront.net/snapix/2022/6a.webp,https://d2hyio9ps90xn9.cloudfront.net/snapix/2022/6b.webp
4,4,https://d2hyio9ps90xn9.cloudfront.net/snapix/2022/7a.webp,https://d2hyio9ps90xn9.cloudfront.net/snapix/2022/7b.webp
4,20-22,https://d2hyio9ps90xn9.cloudfront.net/snapix/2022/8a.webp,https://d2hyio9ps90xn9.cloudfront.net/snapix/2022/8b.webp
5,4-5,https://d2hyio9ps90xn9.cloudfront.net/snapix/2022/9a.webp,https://d2hyio9ps90xn9.cloudfront.net/snapix/2022/9b.webp
5,31,https://d2hyio9ps90xn9.cloudfront.net/snapix/2022/10a.webp,https://d2hyio9ps90xn9.cloudfront.net/snapix/2022/10b.webp
6,6,https://d2hyio9ps90xn9.cloudfront.net/snapix/2022/11a.webp,https://d2hyio9ps90xn9.cloudfront.net/snapix/2022/11b.webp
6,26,https://d2hyio9ps90xn9.cloudfront.net/snapix/2022/12a.webp,https://d2hyio9ps90xn9.cloudfront.net/snapix/2022/12b.webp
7,7,https://d2hyio9ps90xn9.cloudfront.net/snapix/2022/13a.webp,https://d2hyio9ps90xn9.cloudfront.net/snapix/2022/13b.webp
7,16-18,https://d2hyio9ps90xn9.cloudfront.net/snapix/2022/14a.webp,https://d2hyio9ps90xn9.cloudfront.net/snapix/2022/14b.webp
7,30,https://d2hyio9ps90xn9.cloudfront.net/snapix/2022/15a.webp,https://d2hyio9ps90xn9.cloudfront.net/snapix/2022/15b.webp
8,3-5,https://d2hyio9ps90xn9.cloudfront.net/snapix/2022/16a.webp,https://d2hyio9ps90xn9.cloudfront.net/snapix/2022/16b.webp
8,20-22,https://d2hyio9ps90xn9.cloudfront.net/snapix/2022/17a.webp,https://d2hyio9ps90xn9.cloudfront.net/snapix/2022/17b.webp
9,9,https://d2hyio9ps90xn9.cloudfront.net/snapix/2022/18a.webp,https://d2hyio9ps90xn9.cloudfront.net/snapix/2022/18b.webp
9,27-30,https://d2hyio9ps90xn9.cloudfront.net/snapix/2022/19a.webp,https://d2hyio9ps90xn9.cloudfront.net/snapix/2022/19b.webp
10,10,https://d2hyio9ps90xn9.cloudfront.net/snapix/2022/20a.webp,https://d2hyio9ps90xn9.cloudfront.net/snapix/2022/20b.webp
10,30-31,https://d2hyio9ps90xn9.cloudfront.net/snapix/2022/21a.webp,https://d2hyio9ps90xn9.cloudfront.net/snapix/2022/21b.webp
11,11,https://d2hyio9ps90xn9.cloudfront.net/snapix/2022/22a.webp,https://d2hyio9ps90xn9.cloudfront.net/snapix/2022/22b.webp
11,25,https://d2hyio9ps90xn9.cloudfront.net/snapix/2022/27a.webp,https://d2hyio9ps90xn9.cloudfront.net/snapix/2022/27b.webp
11,28,https://d2hyio9ps90xn9.cloudfront.net/snapix/2022/24a.webp,https://d2hyio9ps90xn9.cloudfront.net/snapix/2022/24b.webp
12,12,https://d2hyio9ps90xn9.cloudfront.net/snapix/2022/25a.webp,https://d2hyio9ps90xn9.cloudfront.net/snapix/2022/25b.webp
12,24-25,https://d2hyio9ps90xn9.cloudfront.net/snapix/2022/26a.webp,https://d2hyio9ps90xn9.cloudfront.net/snapix/2022/26b.webp