Month,Date,Home & Billing,Pop-up
1,1,https://d2hyio9ps90xn9.cloudfront.net/vmake/2022/1b.webp,https://d2hyio9ps90xn9.cloudfront.net/vmake/2022/1c.webp
1,11,https://d2hyio9ps90xn9.cloudfront.net/vmake/2022/2b.webp,https://d2hyio9ps90xn9.cloudfront.net/vmake/2022/2c.webp
2,2,https://d2hyio9ps90xn9.cloudfront.net/vmake/2022/3b.webp,https://d2hyio9ps90xn9.cloudfront.net/vmake/2022/3c.webp
2,13-14,https://d2hyio9ps90xn9.cloudfront.net/vmake/2022/4b.webp,https://d2hyio9ps90xn9.cloudfront.net/vmake/2022/4c.webp
3,6-8,https://d2hyio9ps90xn9.cloudfront.net/vmake/2022/5b.webp,https://d2hyio9ps90xn9.cloudfront.net/vmake/2022/5c.webp
3,23,https://d2hyio9ps90xn9.cloudfront.net/vmake/2022/6b.webp,https://d2hyio9ps90xn9.cloudfront.net/vmake/2022/6c.webp
4,4,https://d2hyio9ps90xn9.cloudfront.net/vmake/2022/7b.webp,https://d2hyio9ps90xn9.cloudfront.net/vmake/2022/7c.webp
4,20-22,https://d2hyio9ps90xn9.cloudfront.net/vmake/2022/8b.webp,https://d2hyio9ps90xn9.cloudfront.net/vmake/2022/8c.webp
5,4-5,https://d2hyio9ps90xn9.cloudfront.net/vmake/2022/9b.webp,https://d2hyio9ps90xn9.cloudfront.net/vmake/2022/9c.webp
5,31,https://d2hyio9ps90xn9.cloudfront.net/vmake/2022/10b.webp,https://d2hyio9ps90xn9.cloudfront.net/vmake/2022/10c.webp
6,6,https://d2hyio9ps90xn9.cloudfront.net/vmake/2022/11b.webp,https://d2hyio9ps90xn9.cloudfront.net/vmake/2022/11c.webp
6,26,https://d2hyio9ps90xn9.cloudfront.net/vmake/2022/12b.webp,https://d2hyio9ps90xn9.cloudfront.net/vmake/2022/12c.webp
7,7,https://d2hyio9ps90xn9.cloudfront.net/vmake/2022/13b.webp,https://d2hyio9ps90xn9.cloudfront.net/vmake/2022/13c.webp
7,16-18,https://d2hyio9ps90xn9.cloudfront.net/vmake/2022/14b.webp,https://d2hyio9ps90xn9.cloudfront.net/vmake/2022/14c.webp
7,30,https://d2hyio9ps90xn9.cloudfront.net/vmake/2022/15b.webp,https://d2hyio9ps90xn9.cloudfront.net/vmake/2022/15c.webp
8,3-5,https://d2hyio9ps90xn9.cloudfront.net/vmake/2022/16b.webp,https://d2hyio9ps90xn9.cloudfront.net/vmake/2022/16c.webp
8,20-22,https://d2hyio9ps90xn9.cloudfront.net/vmake/2022/17b.webp,https://d2hyio9ps90xn9.cloudfront.net/vmake/2022/17c.webp
9,9,https://d2hyio9ps90xn9.cloudfront.net/vmake/2022/18b.webp,https://d2hyio9ps90xn9.cloudfront.net/vmake/2022/18c.webp
9,27-30,https://d2hyio9ps90xn9.cloudfront.net/vmake/2022/19b.webp,https://d2hyio9ps90xn9.cloudfront.net/vmake/2022/19c.webp
10,10,https://d2hyio9ps90xn9.cloudfront.net/vmake/2022/20b.webp,https://d2hyio9ps90xn9.cloudfront.net/vmake/2022/20c.webp
10,30-31,https://d2hyio9ps90xn9.cloudfront.net/vmake/2022/21b.webp,https://d2hyio9ps90xn9.cloudfront.net/vmake/2022/21c.webp
11,11,https://d2hyio9ps90xn9.cloudfront.net/vmake/2022/22b.webp,https://d2hyio9ps90xn9.cloudfront.net/vmake/2022/22c.webp
11,25,https://d2hyio9ps90xn9.cloudfront.net/vmake/2022/23b.webp,https://d2hyio9ps90xn9.cloudfront.net/vmake/2022/23c.webp
11,28,https://d2hyio9ps90xn9.cloudfront.net/vmake/2022/24b.webp,https://d2hyio9ps90xn9.cloudfront.net/vmake/2022/24c.webp
12,12,https://d2hyio9ps90xn9.cloudfront.net/vmake/2022/25b.webp,https://d2hyio9ps90xn9.cloudfront.net/vmake/2022/25c.webp
12,24-25,https://d2hyio9ps90xn9.cloudfront.net/vmake/2022/26b.webp,https://d2hyio9ps90xn9.cloudfront.net/vmake/2022/26c.webp